,A,B,C,D
2000-01-01,1.061895861183125,0.36790244156213076,-1.4443114346292398,-0.49616042252625875
2000-01-02,2.0285683045202725,1.0828303057129824,-1.861678886252455,0.0016514445101576958
2000-01-03,0.11572653234897845,1.3788266536984934,-1.5868529427189864,0.2805296624512892
2000-01-04,0.7096478094122145,0.04973564950414611,-1.979942090656677,1.7688135831931195
2000-01-05,3.009665481508691,0.47640977639537685,-2.6496345212877497,0.17139533038294186
2000-01-06,2.2821341090714125,0.05084022885144002,-2.0962935694780054,0.33109890838096667
2000-01-07,3.8278548808542423,-1.1474481538190462,-1.0552731689540678,0.4799516847668055
2000-01-08,3.267954268914674,-1.3696903503646654,-1.6081989960398515,0.7744047379437435
2000-01-09,2.655765028876435,-0.11458393205179807,-2.319976792695349,1.4605189330857435
2000-01-10,3.4549174910965674,0.5287153618254874,-3.8271688415138057,1.1873214264872238
2000-01-11,3.3779725376193825,0.7241089817652052,-4.054794303044164,0.36664955204854055
2000-01-12,1.6383138451014576,0.9080670835546062,-4.551809837502865,0.8771499286893593
2000-01-13,2.548775858394216,0.4021361478722838,-4.687306908312524,1.1111906984666637
2000-01-14,1.4239356272543402,0.8721398040476803,-3.4462281514717628,-0.1328346815366197
2000-01-15,1.6806875355501851,0.8567600429019625,-3.6039959072913104,1.3042455652811449
2000-01-16,0.687675523912801,2.4144280813947177,-2.7670784852366475,2.1215226152841593
2000-01-17,-0.567797528823373,2.4923590610547395,-3.79046413384617,1.5632113253195479
2000-01-18,0.33090410318304875,2.6379461225445255,-3.7888012396560313,3.159630379698726
2000-01-19,0.027354008624255355,3.1051979915914356,-5.400781212836578,3.2743465724877745
2000-01-20,0.33507647992415673,2.157687788377002,-5.085267909621071,2.836525796975489
2000-01-21,-0.5176192360834104,3.065254577603362,-6.096441842896006,2.434393188991132
2000-01-22,-0.893320706601626,3.017022426193061,-4.6452418863312674,0.5500944323363872
2000-01-23,-1.7394600338809332,3.3937953278846407,-1.908587753612954,1.7636343530549112
2000-01-24,-0.7620956730021832,3.4627975604855328,-1.3389271547596209,1.2426645330111792
2000-01-25,-0.5258297551309488,3.220217173666211,-0.9091800093554473,0.5922169890514624
2000-01-26,-1.7829720907227808,2.6727451743122153,-0.22276592499841674,0.9535429884255845
2000-01-27,-2.236090577299626,2.7559134240643943,1.013521717900408,-0.42693491248025695
2000-01-28,-2.664483361038694,1.6222306657987662,2.7781949706832174,-2.085866695713483
2000-01-29,-1.847330721397038,1.2189500501435773,0.6036492354787724,-0.8837767382970161
2000-01-30,-1.7458803198367758,1.0588125915164244,0.5241601102837299,-0.7936802896707511
2000-01-31,-1.2889949862694856,1.211916526843182,0.6161597141056775,-0.49911397241278477
2000-02-01,-1.153915188376119,1.8383319955984738,1.178772277221488,-0.06994054372577724
2000-02-02,-0.773884481582562,3.233933607014893,0.4887384347649436,0.21909484379353766
2000-02-03,-1.205093012166685,2.2525645488544193,1.2476900092624328,0.9315292136485518
2000-02-04,-1.8844776925893156,1.7512676511558327,-0.22567047284533004,-0.1516348289520839
2000-02-05,-2.1610312316341482,2.555919085677173,-1.9860609795244015,-0.5725946974917309
2000-02-06,-0.3921390965582301,2.2139118039370493,-1.6793946759915825,1.2228373207054586
2000-02-07,1.2753905324285937,3.7460313058623664,-1.072598791405099,1.3590077528814632
2000-02-08,0.16095640092636287,4.288883596426253,-0.8025834456803815,1.5948795677094547
2000-02-09,-0.09320736740064894,5.612186601763081,-0.9493338320082705,0.9650115657392604
2000-02-10,0.03524774775354356,5.076532994843619,-1.6110515553798854,1.312569859676438
2000-02-11,-0.552769378661514,4.777748528837991,-4.378993776793741,1.7629509934813419
2000-02-12,-0.23056658856569157,4.397708652649935,-6.306817758381634,1.2180306005412196
2000-02-13,-0.10446358362662647,3.559335649066979,-8.392285214662571,1.581646183837826
2000-02-14,1.0487839610676868,2.348105647546074,-8.514933443775606,0.18087058133890777
2000-02-15,3.293248907551532,1.8761297516989406,-8.143368825530281,-0.9391026745713964
2000-02-16,4.669331985624769,3.3898714628791735,-6.6651784190188526,-1.675039425647172
2000-02-17,3.728409578037353,3.1329183411558845,-5.423890749434574,-3.2513637628321854
2000-02-18,4.191029562119438,4.356721480203831,-6.554696266607584,-2.605275708748847
2000-02-19,5.054155284045486,4.627618451735714,-7.844469750579357,-2.4147992323961476
2000-02-20,4.792771927032471,4.717246780537189,-8.407480738170168,-1.7110136807854448
2000-02-21,4.551929885172002,4.671757393580154,-8.574227533239645,-2.082519045353654
2000-02-22,3.5346280329077846,4.9366493986698705,-8.660856386121349,-2.811183088150353
2000-02-23,3.1966520754349452,4.591343758629411,-8.271904602096285,-2.4057100302610603
2000-02-24,4.261936149598581,2.8834828000372976,-9.22820352170471,-3.1281813895562633
2000-02-25,4.3800844737894655,4.129823351226043,-10.564890182076272,-2.05155423812754
2000-02-26,4.183540661813956,4.638151680939909,-11.072725541003255,-3.412069704200743
2000-02-27,3.0937741568255506,4.397944937228648,-9.67451414925716,-3.9028988681207144
2000-02-28,0.1971171712601194,3.0830110669959856,-9.81997168273146,-3.8127595041597995
2000-02-29,1.1316365255740417,4.049862690810834,-9.3045006559653,-1.9897367034936668
2000-03-01,0.6766537533858539,5.239404221814694,-8.470504909824678,-3.526749197124587
2000-03-02,1.5620013619590432,6.7539145743978075,-9.453346574970283,-4.747006493976968
2000-03-03,0.6244711031222817,7.568292601747766,-8.24214130586728,-5.318837136111855
2000-03-04,0.9934539533278506,6.83708815036689,-7.670118032758386,-4.405394076080681
2000-03-05,0.7473360836517386,5.357357688873751,-10.559057687173672,-3.49153164702933
2000-03-06,0.1659596948251686,5.627691268092946,-11.096061310185872,-3.506940834255421
2000-03-07,0.28495639481523655,5.79984521910429,-9.45601491320589,-0.7610948698615014
2000-03-08,1.332150111622381,4.499614970255703,-9.524294531423708,-1.3672454433772003
2000-03-09,0.16073928998580422,3.745446142197158,-8.307396303080713,-0.034085890040595146
2000-03-10,0.15069329146206178,4.418647561591758,-6.5540974948611535,0.862228317298799
2000-03-11,0.6192992592772039,5.059818658669319,-6.396879277207061,0.8145477928563278
2000-03-12,-0.6571695044341502,5.308037581569037,-6.862596734567549,-1.1382130598564886
2000-03-13,-1.3304459501124302,5.533599298110742,-7.712122540007005,-0.24506064586142262
2000-03-14,-1.474478545458379,6.262388239764604,-8.829848173012111,-0.2507477381172651
2000-03-15,-3.259063619642183,6.444264247641987,-8.07044113240544,-0.2500467211532584
2000-03-16,-4.027783407060371,7.58247522615833,-7.298839371581597,0.29268763241875867
2000-03-17,-5.96684675218278,8.040461774985602,-8.427982321292433,-0.02961764238670339
2000-03-18,-5.966663580279653,7.395264680222052,-9.413380990597677,-0.922648015764075
2000-03-19,-6.332249296062004,6.610289366181207,-10.279366802081567,-1.805510394253544
2000-03-20,-4.337959555251813,7.552088003097816,-10.934509688451024,-1.4768311348351106
2000-03-21,-3.658280559760513,6.927595294704481,-10.92672510826041,-2.489446952730538
2000-03-22,-7.72472556852676,5.464773244257889,-11.179496350208522,-2.109849299362277
2000-03-23,-7.89643664219112,5.587366229381813,-11.791107722580449,-0.45156479853419795
2000-03-24,-8.644031618054004,5.323735154783331,-11.899594806829128,-0.5681983711198407
2000-03-25,-8.749002741453113,5.195113653631363,-12.35668862461606,-1.5769304629178555
2000-03-26,-9.114744687659448,5.226137278562728,-11.780437967452583,-4.554010651121719
2000-03-27,-7.899395397788723,5.863982781336202,-12.400104959550765,-4.292105889257189
2000-03-28,-9.286074958949754,6.133749550144781,-12.891539772989505,-4.823724161609709
2000-03-29,-10.302832016392948,5.985494342793828,-12.57181924605251,-3.4930701228712078
2000-03-30,-9.415666105863327,7.21233838883936,-11.526538747394927,-3.557088541522539
2000-03-31,-9.535690941191453,6.919529190417205,-10.091697761334867,-3.1670727116956257
2000-04-01,-9.405663233931316,5.617835776323562,-10.976675271572498,-2.6620802149766196
2000-04-02,-9.109165202061632,5.003127625352089,-11.479904498557513,-1.1594844060556901
2000-04-03,-8.991629472187055,4.89621438705739,-12.02574914146327,-0.760467068799434
2000-04-04,-7.221581360933521,4.9128238554810455,-10.344670546483172,0.17639586804701313
2000-04-05,-7.212546047690938,5.842276945547463,-10.660606069510722,0.7745310958579092
2000-04-06,-9.295845418170597,5.82459279073726,-10.72216490868175,0.9703257413672409
2000-04-07,-9.413329423030211,5.314625993981289,-10.540932644081659,1.7876691002535439
2000-04-08,-10.583919194269455,4.373499955868391,-10.086636597151251,2.544078249046616
2000-04-09,-11.576680901464353,3.7860755834232505,-10.806426347545278,2.8424124605364414
2000-04-10,-11.706881120867482,3.6533243124016117,-10.767680268187172,3.1803195822101356
2000-04-11,-11.670849291748587,3.239840837536833,-12.009746276431182,2.2639930256045893
2000-04-12,-11.680680456863037,6.363788632259176,-11.568372343947445,2.3270946910786168
2000-04-13,-11.601789213118883,7.183102857182032,-11.375119349722866,1.9887266857705517
2000-04-14,-11.594865678573331,6.397256513411548,-11.355941683677438,1.3850490096948938
2000-04-15,-10.950828476753735,4.005850380534848,-10.009795823701271,2.956372368167754
2000-04-16,-10.600556729347216,4.617491859588586,-8.17678784730768,2.356883508882821
2000-04-17,-10.925124780109602,5.0574094927024404,-8.295069335700733,4.01907960545301
2000-04-18,-9.691435133813401,3.437814902333777,-9.024968324090002,3.860801744219822
2000-04-19,-9.602420941797256,4.091098858018447,-10.518741567370528,4.0094964453915
2000-04-20,-10.407915718032015,3.785071155942979,-11.633557859989768,3.2683610745821277
2000-04-21,-11.721211300476167,4.601987150528208,-12.170404689549787,2.3968399903754527
2000-04-22,-10.276250517672427,3.570656144481444,-12.507040777929323,2.7292374820083762
2000-04-23,-9.36653010320391,2.6032289929067964,-9.476023214144009,3.363161084413912
2000-04-24,-8.237796913408102,4.351928157594073,-8.309307686911001,4.595641635000023
2000-04-25,-8.033657359304392,5.383466447396863,-8.480280416403277,4.733709107916196
2000-04-26,-9.173289639772538,5.4526365861812875,-8.209387044053416,4.0454605424901
2000-04-27,-9.148125333086616,4.824005715144032,-9.351423073777543,3.189606946640633
2000-04-28,-9.852122074339473,4.210053265766779,-10.049525343126378,2.4484807826204262
2000-04-29,-9.787920427603641,4.424066408735477,-10.583431750755514,1.0111507622257687
2000-04-30,-10.374318306735825,3.8300755396618786,-9.257607907716478,1.0995103246425242
2000-05-01,-11.138550595091163,3.8387574576685126,-7.061434166314536,0.7925339566101312
2000-05-02,-11.917233266060029,2.776033676447736,-6.942572262768789,0.5496329130336085
2000-05-03,-11.757707821409365,4.520594333164686,-6.7124459987744824,0.8249126251953864
2000-05-04,-10.296239996374178,4.486212635011637,-6.088930167690228,1.1545405004476703
2000-05-05,-9.847982747139294,5.414951726575598,-7.786527128075575,0.1775909135564654
2000-05-06,-9.80980862619741,6.875077954673382,-8.036895679954533,-0.24800896709601905
2000-05-07,-10.20879633048672,7.268090082544555,-8.348874500865392,-0.9140243869836029
2000-05-08,-9.795749775697093,7.729239359982062,-7.970611386252981,-2.1784385798874215
2000-05-09,-8.986105357581197,8.797677043479784,-9.053583409872273,-1.6624703327108246
2000-05-10,-7.415633952259218,9.131504135610124,-10.23496931226908,-3.1148779271547347
2000-05-11,-6.447760384176222,8.718003241331708,-7.385928026962907,-2.564506448273249
2000-05-12,-6.280332176995216,9.73971363512765,-7.539410547005046,-1.4680722370368149
2000-05-13,-7.265519740637036,8.694640949940952,-5.221888224090481,-1.263637798629546
2000-05-14,-6.48268318976122,8.895872713473697,-4.559383249711053,0.23113137358754
2000-05-15,-6.461606286384633,9.55983123424167,-6.182641091410376,0.684192960428236
2000-05-16,-6.402444700647108,9.95292537296683,-5.731206090605699,-0.4184318246273473
2000-05-17,-7.327600373795693,10.030664882272456,-4.944245889173068,-2.305271680290045
2000-05-18,-8.192809020168283,11.238272777231163,-3.7291868661284515,-2.1951189786372662
2000-05-19,-8.422293921938866,9.052482907803276,-3.572481655160427,-2.8641330748249305
2000-05-20,-9.150045584721417,9.365852145449288,-3.776688594923729,-3.008892261947323
2000-05-21,-9.003896244952074,9.667209047478469,-3.21005555564726,-3.8721643175732012
2000-05-22,-7.81161017743081,8.778405223299695,-2.696162288125589,-3.1028003846571868
2000-05-23,-8.545987833402453,8.620377374968188,-3.5692566690016214,-2.3493092537862155
2000-05-24,-9.182594131031276,10.744860133968679,-3.379142559624506,-2.0300961661700785
2000-05-25,-9.215290069056703,9.379752972690312,-3.9223922097667954,-1.0809102076850523
2000-05-26,-10.124366466248848,9.546913094459285,-2.920959098396757,-2.9733418962221405
2000-05-27,-10.994004413022777,8.573372352344208,-2.474034049203096,-5.030924939719149
2000-05-28,-10.535192228900323,8.630988422303124,-1.5782458242218147,-6.301985943890964
2000-05-29,-9.729954661214325,9.481651982243537,-2.6020142977554155,-5.552493728359176
2000-05-30,-7.772930451970375,10.558791943739518,-2.296827794944618,-5.038212761493876
2000-05-31,-7.780103424853888,11.280121310661329,-2.5341848807886835,-4.571525982043422
2000-06-01,-8.768521005288768,10.318241075528496,-1.5154567429275674,-6.697449936108336
2000-06-02,-9.201471486170725,11.735764292633155,-2.2040686041794375,-6.791597265309951
2000-06-03,-8.403270092741444,12.474928268360019,-1.3743699038354564,-6.998833546812972
2000-06-04,-7.041020370179186,14.003687469033366,0.7107476263593564,-6.0467795029621545
2000-06-05,-6.364927232638934,13.487058490728568,1.543281273119463,-6.275915386580475
2000-06-06,-5.7884588931259415,13.832562755412619,1.6425820618699134,-7.9347329933331725
2000-06-07,-4.786777746786005,13.37271318577389,-0.7161058390009754,-6.9988465497049575
2000-06-08,-4.56427332304686,12.618719216079171,0.17861139184774977,-7.140610972645357
2000-06-09,-2.19281928582043,13.690645877133822,-1.2713872277461555,-7.122315642800323
2000-06-10,-1.0517991430613496,13.89401722696951,-0.5368862846730141,-6.857658337829171
2000-06-11,0.17022462048382048,15.131516222682537,-0.7994718263095378,-7.370177090257364
2000-06-12,0.7983277512114577,14.825972441121507,-1.7405152078154362,-7.322952624031841
2000-06-13,1.066494343264443,15.92814190875594,-0.5189496714095077,-6.8147008827364575
2000-06-14,1.808858147162013,16.003153762158668,-0.4285062291020404,-6.560637314876176
2000-06-15,1.9934738007082367,18.64643199428483,-0.5635872296202346,-6.538338532230604
2000-06-16,1.593969171247871,18.31173201209104,-2.0055617863414903,-5.785550281088868
2000-06-17,3.5681917147633535,16.15498364562185,-2.30870257286357,-6.4439722476032895
2000-06-18,2.618386609992947,14.325081619913991,-2.2213860521963356,-8.143016194904455
2000-06-19,1.1994554756704683,14.693071704504625,-2.975520903492563,-7.584414563454546
2000-06-20,2.0672485884990417,15.96323233751261,-4.409668953053494,-7.511074865378098
2000-06-21,1.6371893890480747,15.650690367640816,-2.9228975194563134,-6.469842479803338
2000-06-22,0.5796094408695847,15.126575570436428,-1.39937937260422,-6.105031201302011
2000-06-23,2.1745103400215715,15.071392262943212,-1.4643407252195657,-5.688605334988194
2000-06-24,2.306412134272441,16.954469773747206,-2.2027179794506493,-6.874641116117893
2000-06-25,1.5758888305278367,18.24059770675722,-2.2282220739921885,-7.645511503563867
2000-06-26,2.1360850404026213,18.22193839881794,-2.9476877582690655,-6.418679563083739
2000-06-27,1.9579810075361184,20.436073714463355,-5.858240079086602,-5.918008803016389
2000-06-28,1.5983895140457138,20.665089008785326,-5.435523468947552,-5.193128875896084
2000-06-29,1.5824893386090526,20.56780491701049,-4.120275095099064,-7.287179618268234
2000-06-30,2.202153377963355,21.168235556975397,-4.850371617509604,-5.6792558796028665
2000-07-01,3.854220942215682,20.91507390691117,-5.5593796483934765,-4.1127033547966745
2000-07-02,2.674172430058891,20.22796582511152,-4.973063679295507,-4.707745332987666
2000-07-03,3.7975532584627434,21.087703851789662,-5.363367823871676,-3.2768570461416915
2000-07-04,5.660811646034314,23.057084051298492,-4.990573784209776,-2.087929050892483
2000-07-05,4.735000831191277,21.85228633527495,-6.032470579834694,-1.6681175728602695
2000-07-06,5.402547937178583,21.918606941503057,-7.5305846182099865,-2.013771410412417
2000-07-07,5.984994722143139,23.647903627242094,-8.165613831193017,-3.450249977413792
2000-07-08,5.658435367722221,24.69401973168182,-7.652985358828221,-4.233772130628751
2000-07-09,6.619116715675017,23.932139627278282,-7.453345109811909,-3.233438805081055
2000-07-10,6.604360741679523,23.097525992605675,-8.539246190996936,-3.5012831071947517
2000-07-11,7.06713064710628,25.224191898740635,-8.501854685729631,-4.259555866968456
2000-07-12,7.87807141651725,24.715235794816277,-7.832357409658938,-3.870838295581381
2000-07-13,8.87088655290504,24.945264567183713,-5.6854986263933105,-5.461682457776016
2000-07-14,7.594389531132574,25.18689943595843,-5.203857205906306,-5.484428454741336
2000-07-15,7.950327469129008,24.03611230652892,-3.671096217992896,-6.12103291704614
2000-07-16,8.619062096670376,23.249196240609248,-3.580800075170638,-5.460499491228157
2000-07-17,7.989246084071583,22.232948071694302,-2.293952415132059,-4.571009174430878
2000-07-18,8.696416305522131,22.562210741243298,-1.7224079532048109,-4.258511976353873
2000-07-19,8.871352900786068,22.410085582005028,-3.040197360324963,-3.231402765164659
2000-07-20,8.93601149766917,21.574352667238614,-3.307157799492221,-4.693100999112183
2000-07-21,10.51937468692445,23.951195108162775,-3.461869991934898,-6.051338264943064
2000-07-22,9.616393746132974,25.18443455577444,-2.912826703246277,-5.535785156498654
2000-07-23,8.803336058812551,26.003187184979097,-1.2017408705524208,-5.911529987201722
2000-07-24,6.951057471938047,24.460082218491866,-1.835036264577851,-6.04945040571852
2000-07-25,7.555013369498765,23.85686420686488,-1.8734353453667223,-5.319474590773118
2000-07-26,8.008196663310795,24.305894974711997,-3.120004142142207,-4.420350437036558
2000-07-27,8.461171243197159,23.9738397342483,-3.682154113783634,-4.063243112518381
2000-07-28,10.76170619169081,24.196427732365972,-3.2140640589111333,-3.8155555928780704
2000-07-29,11.760814251049577,25.663989356217154,-4.793563259745397,-5.572192606084372
2000-07-30,11.234334759541605,26.126028154949108,-5.431536526583751,-5.400452804736521
2000-07-31,11.840681207098998,26.807692013371838,-4.032747050028399,-7.129350204117577
2000-08-01,12.298314393712303,25.94994020549683,-3.2885867979913463,-7.662801523050799
2000-08-02,14.1923065940233,24.902261366761177,-2.5039848950987595,-8.115720063363224
2000-08-03,13.85919940351945,25.214056824242054,-2.737130139236521,-7.0108820504548035
2000-08-04,13.497093263269992,25.093988094984706,-3.1211449941312095,-9.584644939035645
2000-08-05,12.989919436338118,26.457096086256225,-4.6350932830772145,-8.585127775122317
2000-08-06,13.205698972194888,25.601707605061982,-3.3747504366099443,-8.551948167794103
2000-08-07,13.371170990593598,26.01021330789002,-4.469505956066657,-9.334485807290363
2000-08-08,13.137348686583023,25.48470157706504,-5.346152019765761,-10.267713932472581
2000-08-09,12.726853125959074,25.130622057290413,-6.294819107526153,-9.19625910595005
2000-08-10,11.973315454771363,24.210770456787188,-6.307376768264253,-9.131022900861884
2000-08-11,11.96942134806961,23.504499874584212,-6.721106413524767,-7.769669376212673
2000-08-12,11.40260993826122,25.892337845575526,-6.690828028585466,-7.14611730203818
2000-08-13,14.081816178286976,27.39835072423868,-6.130795139393914,-5.974014460872103
2000-08-14,13.990889143858462,26.28296412675858,-4.491329359214378,-5.69880241524461
2000-08-15,13.736528771019604,25.91630013793131,-5.283082632937655,-6.992868008275774
2000-08-16,12.759375109800361,24.864634468578625,-5.5698820846700094,-8.338563358499202
2000-08-17,12.545654805602403,24.215885872163394,-4.329206113835813,-8.517379938999552
2000-08-18,11.611944835926924,25.404424541202967,-4.995667256988785,-8.577270061344576
2000-08-19,10.68121247678609,23.520223464296848,-7.07965007607309,-9.378796208485229
2000-08-20,11.047016871248147,22.84531662267607,-7.597488054927021,-8.975419307123248
2000-08-21,10.090247059072905,23.11550957448274,-6.99157200733481,-9.585322068264444
2000-08-22,10.070263349056239,23.528740281059637,-8.073221266980086,-9.614346336499947
2000-08-23,7.49000450774164,24.62164950566217,-9.23278114220868,-9.093846077396536
2000-08-24,7.959075331950232,26.534201738823192,-9.387269736362017,-11.380284014324204
2000-08-25,9.054448313390566,27.49652803153213,-9.67478984636203,-10.306989875240887
2000-08-26,9.520831623801616,28.04721600633801,-9.42357190310965,-10.602341755078726
2000-08-27,9.891243219824668,27.076031068495848,-9.386459397472187,-10.010309856261326
2000-08-28,10.211468541183658,28.345065008282102,-10.561179123492614,-8.616627238103119
2000-08-29,8.946918974783618,30.731312673377076,-9.037909934479082,-10.244378563785494
2000-08-30,8.887107081227262,29.559766259690278,-10.06646501193928,-9.472008591611166
2000-08-31,7.694217231461926,29.467152340714897,-10.584669481014565,-10.665179939702954
2000-09-01,8.167725870411765,31.531818938002473,-11.579190347883658,-11.786342560109162
2000-09-02,7.070109492908547,30.60757892021585,-9.36101420842289,-12.12412038091251
2000-09-03,7.3431728595190595,31.555795514408334,-9.468816708820949,-11.761867345241583
2000-09-04,9.336347719069567,30.890675437533094,-9.208260591647107,-11.403170678288141
2000-09-05,9.105237266662211,30.2417560439822,-8.776509705756546,-11.427563233604136
2000-09-06,7.79667173900635,31.615077848274527,-10.35104422889389,-11.629964928423552
2000-09-07,5.945105710786811,30.08087195785897,-10.561540252886225,-11.077105858459264
2000-09-08,6.561360589630416,28.741745425987627,-9.349852895400947,-12.179340975802955
2000-09-09,9.867305755162581,29.81099135128949,-9.357694939955408,-12.190250628437012
2000-09-10,7.945129112439176,29.06331085453774,-9.912807733453649,-12.23946668505284
2000-09-11,8.466094308086173,28.712577127531606,-9.887973451491822,-10.985417054734324
2000-09-12,8.363424116297411,27.883349798736937,-10.26295558337185,-11.928353780645523
2000-09-13,5.978519601308451,29.2285483612874,-10.733210295538807,-11.939118028013148
2000-09-14,5.28412156639615,28.509491878533396,-11.410812268616095,-11.529559340144443
2000-09-15,2.244811814016927,29.49157386865964,-11.354517535215077,-13.660767941704558
2000-09-16,3.129816126278758,33.04215380607593,-11.341458665369558,-13.450931026889684
2000-09-17,0.78867667582491,33.10124233143299,-11.034562415864835,-13.972660484029388
2000-09-18,-0.7649576360552639,33.862216449108,-11.021041103234095,-14.512593435583565
2000-09-19,-1.842523611991873,34.12944048679928,-11.977809275062327,-14.386233526556323
2000-09-20,-1.9779147860969866,33.27402899716717,-12.86998889927803,-14.265535715525354
2000-09-21,-1.4030100620702655,32.78478930888532,-13.022858394124542,-14.968063908704474
2000-09-22,-0.3117845370315868,32.76557195666129,-12.386820980893926,-16.650113148773748
2000-09-23,0.2553962628725138,33.09372404520052,-11.105219231015662,-16.51330649254836
2000-09-24,-0.9548013283764117,33.11046585724297,-9.867062464010179,-15.856648457900471
2000-09-25,-1.9931196325866827,33.790719354365265,-11.44252950739924,-16.634072278800005
2000-09-26,-2.5244989490777057,34.02247845435524,-10.696787368242349,-15.067698228376807
2000-09-27,-1.9609145955086926,34.509448142059085,-11.010038417735009,-13.794636013613614
2000-09-28,-3.1959447148782187,33.389781688342154,-12.733070946236836,-13.73029565915155
2000-09-29,-2.201861859040747,35.20652031599906,-11.909137585812404,-12.597157198000385
2000-09-30,-2.5068739283473254,36.17198169580887,-10.730095919782649,-13.392152336993158
2000-10-01,-1.9812079772038123,36.35351153040987,-11.062231237777869,-14.94576651284543
2000-10-02,-2.745026017760426,36.82974190551268,-11.713722690120168,-14.74741905177502
2000-10-03,-1.2232329397096922,37.11256015474926,-12.315945566266347,-13.746664736348611
2000-10-04,-2.015011896390656,36.01952336805926,-11.44253430289558,-14.367788004489544
2000-10-05,-1.1363240294768953,37.485350586999616,-11.281941003036373,-13.354593688984574
2000-10-06,-0.875609667000838,38.66221968833937,-12.392059796629086,-11.735152896150199
2000-10-07,-1.771975498073878,37.45946171779019,-13.939075430223797,-11.235967486441718
2000-10-08,-1.9863357399532662,39.30888069589299,-12.912084178150891,-10.436852049945788
2000-10-09,-1.5665205561529971,38.832295544399436,-14.163893564366536,-10.709766419610158
2000-10-10,-3.174149739744463,38.53659326574255,-14.5025587454937,-10.166234232657466
2000-10-11,-2.384303179878925,36.34514342226751,-13.400767986571612,-10.380461250912214
2000-10-12,-3.025923111445585,35.72377571034202,-12.310328846103324,-10.924009364513305
2000-10-13,-2.9854632335459965,36.785045953639646,-11.558297586297442,-10.472514777998153
2000-10-14,-3.61095850329405,37.24150727378254,-10.983580180836803,-9.50251665663604
2000-10-15,-3.2221496367017752,37.42243422915105,-9.78482673950753,-8.90247715230997
2000-10-16,-2.5043357514200073,38.455723834417995,-9.865647575603905,-9.902996863865292
2000-10-17,-2.5194524730495518,39.36285864870211,-6.985362525262723,-9.046462937738333
2000-10-18,-3.345495307892875,37.809169544077314,-7.813063851419875,-6.351697223095419
2000-10-19,-4.271297784695718,37.38178823543346,-7.96571272119217,-6.77631636602037
2000-10-20,-4.045586276365699,36.105736232021265,-7.119180738658077,-6.470251731001303
2000-10-21,-3.496547131340163,35.97653958446246,-5.63753981708799,-8.255960905930445
2000-10-22,-4.758995646257994,35.42942076485927,-4.801598907597311,-9.133092825421254
2000-10-23,-4.737384393949476,35.49269936338752,-5.992350893617719,-11.225726612543228
2000-10-24,-3.604383961579182,36.52413137537098,-4.944721191557045,-10.18181978096057
2000-10-25,-3.2400754300331833,36.81303498543714,-5.670110536949478,-9.478030035106496
2000-10-26,-3.2928958799468995,37.8717525520135,-5.48347415000727,-8.923311721088396
2000-10-27,-1.45643312325108,39.58233965341895,-6.066594922404694,-9.193240223703485
2000-10-28,-0.6547085087405421,38.49517465332552,-7.208476109099826,-7.679041895207824
2000-10-29,1.7476923135329323,40.314977746770026,-7.228005441578449,-6.092829252927561
2000-10-30,4.316879713815456,39.595837349774776,-8.470724991462124,-4.6743635694281185
2000-10-31,4.436007117765096,39.22164199890257,-8.385070890442055,-5.705012183744028
2000-11-01,4.191977559625178,39.87007523289743,-9.60380561099668,-5.35735809506876
2000-11-02,3.5179687289692954,39.437446114295874,-10.803374483322422,-5.966285874824023
2000-11-03,3.129261946130922,37.52874816879343,-10.70207525351874,-7.1733428730056215
2000-11-04,3.2152963939941603,38.53634365960908,-9.77715508660451,-7.693411486616516
2000-11-05,2.9909676198117308,38.71761718012472,-10.13706743256757,-8.076593393460213
2000-11-06,2.90898823512474,38.60358432130401,-9.196943385705758,-8.464110626815273
2000-11-07,2.5664500862607778,37.45996580310033,-7.195567855060471,-8.795894278224416
2000-11-08,2.8247502098302064,37.290216912541304,-8.51836956323329,-7.064261064243391
2000-11-09,3.1677625261094695,36.08653400939515,-8.010598361323371,-6.752587489649983
2000-11-10,2.1686629664873895,35.03217710159134,-7.7774250436638654,-6.098417501552483
2000-11-11,1.5587889468727383,35.91294771664848,-6.108791008203605,-7.164893697314776
2000-11-12,0.8606539420317341,36.324854846886225,-7.351205464058895,-7.183406240090675
2000-11-13,-0.062097658456129134,35.939703606743215,-7.732870619983374,-7.865029179198551
2000-11-14,0.6784271204595737,36.44154833059274,-7.670206343908352,-7.469430751143049
2000-11-15,0.4504802075735015,36.330503517739764,-10.235198677092221,-8.271303398173226
2000-11-16,1.9138572538128238,36.760591097274514,-10.083954567741138,-8.34119821398138
2000-11-17,1.7732011340436695,36.78646875569648,-11.812804867687316,-8.31719606663795
2000-11-18,-1.0687364094952196,35.447725900123956,-9.157978303014689,-8.18133514739412
2000-11-19,-0.7321032591782307,36.198044068942956,-9.383973452577644,-7.6810557604524625
2000-11-20,0.2653545416012365,35.93991209434756,-8.202162394440439,-7.536326144390091
2000-11-21,0.34948312168864426,37.55012620909319,-9.6633344715603,-7.211397622287191
2000-11-22,-0.08661406871188548,38.03309925877055,-8.846462092302627,-8.020808100163801
2000-11-23,-0.5936948823683152,38.807843571091276,-8.636089598607962,-7.138071868208771
2000-11-24,-0.4709598228519132,39.03114803859414,-8.94857948413766,-7.551886758025624
2000-11-25,0.26120240328925637,38.145787813741805,-9.404741318207794,-7.956126125750452
2000-11-26,-0.382267249947544,38.56881011220524,-10.657929881346986,-7.966164687664275
2000-11-27,-0.5097023306503063,38.51916440423274,-10.450918268303722,-8.059585414167262
2000-11-28,-1.1923190556977121,37.51269417901674,-9.42863797595948,-8.119320202105182
2000-11-29,-1.5125054692545647,37.726275304299044,-8.200930966850112,-9.481823265593489
2000-11-30,-0.2528307841984321,38.293107298062885,-7.875783007978573,-10.532624848081824
2000-12-01,0.5354335319166638,37.005342175006895,-9.935031605066692,-11.438143313829865
2000-12-02,-0.5354529540544196,38.81471253661948,-13.340164857231558,-11.871039142410813
2000-12-03,1.029285016121349,40.004800159017684,-14.6554991921557,-10.739112986619295
2000-12-04,0.4506460763532302,40.55554012559209,-14.432395389482117,-10.389584103544951
2000-12-05,1.4427913094743432,40.924879493558386,-13.100644479442037,-12.22200776213892
2000-12-06,1.3842884021357917,40.95145857401097,-13.85637859316853,-10.770389741649577
2000-12-07,-0.27051807273269657,40.692081867509415,-13.159666902312617,-12.47063738962169
2000-12-08,-2.6977944665739573,40.464301476101205,-13.03437160496665,-11.210464359033228
2000-12-09,-2.5460811384341606,39.85084028883646,-11.503722662683407,-10.16224210526039
2000-12-10,-3.4000398758351547,40.90004367344352,-10.886974311664334,-9.19879976912673
2000-12-11,-4.497091224733593,42.182072610329534,-9.490806416379215,-10.514431391143752
2000-12-12,-3.9454071992846944,42.33739097728363,-8.252641337518527,-11.485174861814397
2000-12-13,-2.7807571401244573,42.069873738224494,-7.261218314288189,-10.596698248004243
2000-12-14,-2.932237959661567,41.30327178463505,-8.387117390231232,-11.307995023678538
2000-12-15,-0.13677364713132523,42.026383444353165,-7.435226081180302,-10.973501833136464
2000-12-16,0.32188432422762164,44.24833338802752,-6.995511972724135,-11.042917169750831
2000-12-17,-0.12321948376105318,44.80790250135333,-7.604162977242939,-10.257027624123689
2000-12-18,-1.1337394341721385,44.68250978997085,-9.46832733765766,-11.993208157984826
2000-12-19,-2.121923760049144,45.5462524674137,-9.246814609958154,-10.617160748904446
2000-12-20,-2.0796584318953943,43.680625762642414,-10.715297313043287,-9.316900082386175
2000-12-21,-1.9426850056065157,45.209847633933585,-10.848080038130163,-9.121966380222009
2000-12-22,-1.0436820493806596,43.95467012222264,-10.968731833767034,-7.600652167784347
2000-12-23,0.5625885820373799,44.39866349736193,-11.0786811990363,-8.043912694008593
2000-12-24,1.3387750043050155,43.8690071342626,-12.180003378499231,-8.233245596188276
2000-12-25,1.0508758821542457,44.952459209662116,-11.033294174641885,-8.07323331306123
2000-12-26,1.0206243899664105,42.99505157000405,-10.699555863192112,-9.402804456136716
2000-12-27,-0.26518281485136574,41.90645972283472,-11.401955160250623,-8.44373304957865
2000-12-28,-0.08531425209158117,41.62507173871107,-11.190268361145614,-9.377180730191752
2000-12-29,0.8372607452976235,41.1368286712037,-9.472562771053871,-8.24208586474751
2000-12-30,0.9755696887322831,41.58320189627511,-10.49138416838771,-7.996439212247333
2000-12-31,0.8837874083225743,42.66477047947163,-9.643962392338185,-8.863104833722076
2001-01-01,-0.14400896138172548,42.48980724403008,-9.077146696924178,-9.6652267880825
2001-01-02,-1.2116849573594062,42.40954619838243,-9.229211402255144,-9.779443520167236
2001-01-03,-2.446849372234185,43.14561958069649,-9.01544778028055,-9.640635815587661
2001-01-04,-3.69020373010634,43.31645969101725,-9.250993168114066,-9.19588089227294
2001-01-05,-4.47209445589531,41.83986315921955,-9.258810752581272,-10.453321484684029
2001-01-06,-4.589915170721142,42.577999293201685,-8.745641900730293,-8.702030266128745
2001-01-07,-3.1247709313179275,42.42280797075788,-7.521228606371848,-9.21240840118846
2001-01-08,-3.692996839682958,44.01547083701502,-6.978774716073706,-8.66158308212256
2001-01-09,-4.113230498078609,42.62318887650066,-6.959928446959528,-9.51198889342526
2001-01-10,-4.082944678180635,43.49010333420643,-9.05483979019032,-7.542222851145175
2001-01-11,-4.616082968058512,44.71679151896377,-10.569589676252658,-6.892213254585119
2001-01-12,-4.884152890445182,44.93451031868892,-10.710357888917633,-6.846302080746822
2001-01-13,-4.578940975494088,44.51042717970438,-12.385375343839272,-5.4493939363661195
2001-01-14,-1.8809632056394583,44.81064109605185,-11.26591554717585,-6.195519566519688
2001-01-15,-1.607903877668903,46.0371815484035,-11.178423797376684,-6.751437891122703
2001-01-16,-1.1485545547616962,47.18930692876497,-11.457444287782845,-5.827856497456043
2001-01-17,-1.3167563095583423,47.34175451794321,-11.797417302561444,-6.956548801791628
2001-01-18,-2.271163294322556,47.42016892830172,-12.387561346144103,-9.780333695679024
2001-01-19,-1.1963745988951657,47.7202053710164,-13.226990971881403,-7.903326341128943
2001-01-20,-1.1972240909187333,46.405125675509986,-11.194705927632162,-7.669019721416632
2001-01-21,-0.08467036245333248,46.373627322923646,-10.904957515816239,-8.898208146200902
2001-01-22,0.18128092768552267,46.41848143023028,-10.594624335684712,-9.259755293004666
2001-01-23,0.26608694665710747,47.72749265444403,-11.111168048472853,-9.094666056731857
2001-01-24,0.013004643860508702,47.02623855192015,-9.574270808661607,-7.010806063774778
2001-01-25,0.6489246418742041,46.224301735234306,-8.050857866487595,-6.062741441220341
2001-01-26,0.10683964095833498,45.92412051248481,-9.501615801462211,-4.272873908175317
2001-01-27,1.9835848831534435,46.00849185126518,-9.739042434636845,-4.634962989689505
2001-01-28,0.6654879588385099,47.290672756996926,-9.389563407098555,-5.979912590787994
2001-01-29,-0.7349602797641168,45.517036893739046,-10.063883177316278,-5.062922384721206
2001-01-30,-2.67630804524538,44.36540159721701,-10.479410698081596,-4.9076153882926015
2001-01-31,-2.5632866902712617,42.74087351135783,-11.322822072739068,-4.991263930702565
2001-02-01,-2.735720251759486,44.001684496731635,-11.370029075171132,-5.22522131781444
2001-02-02,-1.9945610885400045,44.46946453667172,-12.012351639710662,-4.703146475098097
2001-02-03,-0.843423137894042,45.18620006197884,-11.739419907140823,-4.554277444385683
2001-02-04,-0.8231903909128572,43.83373519371793,-11.20017057754261,-2.3676434453135733
2001-02-05,-1.8545567920895825,42.88636067895308,-12.09346062856445,-3.2701983060341115
2001-02-06,-0.2058117820292369,42.240627439692915,-13.103436778250042,-2.9084071431088265
2001-02-07,0.25434132308489926,42.32645446153712,-14.801133562477656,-4.083378057798989
2001-02-08,0.34644479996883404,41.37865249197589,-15.371145994076713,-5.121715065059036
2001-02-09,1.4629182774143032,41.561863873463494,-15.551850456493064,-5.999777234258435
2001-02-10,2.2733716525238985,41.44480769111755,-16.97161336196706,-6.035480483371034
2001-02-11,3.4492606298942654,42.09747056599318,-17.127002671257447,-5.851766152733014
2001-02-12,2.321092477863705,41.053553073693486,-18.211747445225615,-4.01754092107734
2001-02-13,1.8519202531605226,42.43328751273516,-19.143356340028756,-3.6198679496844686
2001-02-14,2.0792336547361745,42.611819567531306,-21.65936675331294,-2.8944453061394677
2001-02-15,4.202849330533079,42.253323717234565,-20.840216393013556,-4.8575762040254755
2001-02-16,3.1382899101007986,42.428713918113615,-21.235489928477268,-2.492151853235253
2001-02-17,4.001677311449917,42.42280064008735,-21.16556603932864,-2.7000233283760067
2001-02-18,4.720385616007681,41.158444398405614,-19.644420872602005,-2.462576190415783
2001-02-19,5.770419613439092,41.03800648191641,-18.48626901825631,-3.6954931982556696
2001-02-20,7.04747205146349,41.579282193335196,-18.296020545139612,-3.167880627572801
2001-02-21,7.154082972940808,39.816549332196665,-17.949952713751202,-3.087726004329746
2001-02-22,8.965886162696203,39.167493074795956,-19.029703400225337,-2.947019757452086
2001-02-23,8.981583619512078,39.70331730097192,-19.437514986093962,-1.064567872728088
2001-02-24,9.627370358125777,40.66042502668514,-18.838749588895183,-0.8317277778302105
2001-02-25,9.638212594807415,41.51781063432763,-18.412958699897956,0.4461106776230618
2001-02-26,9.682559891982583,41.57817558363776,-18.715660544211698,1.3466469946802477
2001-02-27,10.509890505481797,42.75592746494785,-20.208072187185977,1.3103262190835998
2001-02-28,9.03452961604996,41.96739708248575,-19.48014321845827,2.830640207414614
2001-03-01,7.975493770122409,42.72996115604496,-18.953741694515195,4.029670337056069
2001-03-02,8.882039109858878,43.97967334077408,-16.915982355425996,4.3383794847352375
2001-03-03,9.336101441556147,43.90280952875822,-16.80452799016146,5.040771589428598
2001-03-04,9.471888607067331,42.99495355886313,-16.97650281242293,7.317136818916445
2001-03-05,9.429020945796484,43.507835968085715,-17.565862585144995,6.901758134234311
2001-03-06,7.985411491425573,42.715753181100354,-17.91487082659077,5.470311439446095
2001-03-07,7.923850158499944,41.5360758690413,-16.35739702582204,6.611210694397065
2001-03-08,9.14617332273377,42.5848764789653,-15.933788985179612,8.180810424150653
2001-03-09,9.858704176474562,43.81005525630885,-17.432752353298103,6.520151443214548
2001-03-10,10.089033169762363,44.729548825102064,-17.16400898091802,7.144794403240307
2001-03-11,9.919193677337828,43.576281423991944,-18.72316745852815,7.668212653244973
2001-03-12,10.183424502952432,43.818571451178194,-17.53286196811177,9.495671995272502
2001-03-13,8.270083067932115,42.71261018046796,-16.87885799957193,11.512281120598491
2001-03-14,8.7297608503829,42.09097598587948,-18.215570364172734,11.492601946112192
2001-03-15,8.572196420202413,44.56060137854823,-16.668121768895144,11.397032211380273
2001-03-16,9.0468728628686,44.64060984973732,-18.333063914310973,10.784083270169079
2001-03-17,8.204590538960396,44.27750368192202,-18.021618500406195,9.677748633280478
2001-03-18,7.13486451845017,44.69246500384967,-18.184915790002574,11.412109196713944
2001-03-19,7.229719217030876,46.45678280560835,-17.93332486828091,10.18054961143666
2001-03-20,7.381035646640542,45.969380151143454,-17.774960206649933,8.848765836273984
2001-03-21,7.571041661948106,44.40968755377932,-17.32473239307345,7.733628001869874
2001-03-22,7.748977312914439,44.02645918149864,-17.062948278458375,7.787734033916765
2001-03-23,8.230067863447918,44.81230156988883,-18.233581047922055,8.05117245325498
2001-03-24,7.425501048178337,44.058578582224015,-18.353585289188523,8.56249048710815
2001-03-25,9.061362810558945,43.251941563430584,-19.034525837661526,9.207013345427878
2001-03-26,8.8679011040103,42.9337558612289,-18.826524373448677,10.831458976002354
2001-03-27,10.06604924489229,42.27238586305032,-19.642267468424528,9.866379857151973
2001-03-28,9.58527745086013,43.515830279667924,-18.426756585164302,9.806006435950337
2001-03-29,9.154068225426052,46.176432770201174,-19.100891985261885,8.112356554484954
2001-03-30,8.427707015052999,46.116470946093614,-20.197457150455975,8.175696611215463
2001-03-31,8.742736379174682,47.97593471377158,-19.48063477358531,10.922759410405002
2001-04-01,8.792458191187414,48.57058344070564,-20.55425970179616,11.087402868079765
2001-04-02,7.794748885114455,48.341479345007535,-20.431604607631954,10.771741926132632
2001-04-03,7.163295966671005,50.160767240236886,-20.670264352107818,11.729133549251758
2001-04-04,7.480283693548629,51.413129407518305,-20.11268340524835,10.269570762351034
2001-04-05,7.234788646050245,51.13952559203779,-20.9162971682047,9.369362988753965
2001-04-06,6.402398846917959,55.41014645690874,-22.54331438454938,9.175653415142495
2001-04-07,8.339823184794797,55.14451729828687,-23.281091020209196,9.843631930969183
2001-04-08,7.650248718050316,54.398761103726926,-23.73720777715881,9.721972679152548
2001-04-09,7.024087076684016,55.030363749961865,-23.509093788069993,10.473236912754334
2001-04-10,7.028504089345308,55.34181871429557,-23.041137499314896,10.557138015560739
2001-04-11,5.819349142367857,55.12555543402032,-21.315493852899323,9.424862220297506
2001-04-12,4.568392698207742,54.50617675451702,-21.697175946373292,10.377575428694268
2001-04-13,5.21638451714149,53.81924479408668,-23.206975037082767,11.551019237656547
2001-04-14,4.541344136606002,53.864423610947426,-23.80085399738622,13.30094371185578
2001-04-15,4.159136140070714,54.218351035810336,-22.05722521843853,12.506419346658127
2001-04-16,4.36880788186301,54.55397792632014,-21.264921160028216,14.498860176140308
2001-04-17,3.7101935860978497,54.3307826515764,-18.98928429352325,15.630872919759423
2001-04-18,4.237519554558586,52.32911741483697,-19.430119961553352,16.36775829070269
2001-04-19,2.519446500877951,52.831237188024595,-20.102624198264422,18.28812918564536
2001-04-20,1.427096306660752,51.96754826067436,-21.04460281016435,17.03059080688955
2001-04-21,0.9642102421087961,52.2708177166753,-22.41800564818581,15.989399647966149
2001-04-22,-0.7867860552909831,51.22319162249499,-23.154181726840967,16.422464086345737
2001-04-23,-1.305368770482327,51.078483853620455,-20.823078507521384,15.411836614091083
2001-04-24,-0.6945301956641352,50.575470354175074,-20.593960793660028,16.369409533185806
2001-04-25,-0.4154536241368094,50.477576324473695,-19.50067439840495,15.6726745260107
2001-04-26,0.7414280771137267,49.14124423743965,-19.35857514902081,14.51901669598987
2001-04-27,1.2307044682367798,48.501028176079814,-19.753747218930975,15.205339117563001
2001-04-28,2.666474774509865,49.952002345411934,-19.716585442073065,15.348493855060767
2001-04-29,2.6070876999304184,48.03988505358666,-18.53891730031359,15.040653456976155
2001-04-30,2.2277896849988412,47.238581167553164,-18.55647723395992,14.266801849840993
2001-05-01,1.890673837409011,47.43582079553589,-18.557383562315582,13.351415843229452
2001-05-02,2.12420187624948,47.36230816821316,-19.321316078653037,13.27540435734736
2001-05-03,1.7861636403942949,47.954322689839245,-20.789445375705583,14.044702979123326
2001-05-04,1.9546337692282691,48.78592936384337,-22.024852238611633,15.210080190719243
2001-05-05,2.079208382643714,48.577056981435604,-22.4213606196609,14.687698869524999
2001-05-06,2.2056594832332674,49.44717492858655,-22.725471748540073,14.719737996004561
2001-05-07,2.504344732627633,48.70081556285647,-22.015155906472273,14.274104927899156
2001-05-08,1.3082107368228597,47.47055893066475,-21.92291393632617,13.667321776531297
2001-05-09,1.585507309189369,46.361012788528,-22.489276501920767,13.736380668110176
2001-05-10,0.8789596537326643,45.87731425304294,-21.379475420413403,13.650951515866325
2001-05-11,0.30446006278019666,44.72538226969764,-21.602945660559957,14.612091224882422
2001-05-12,1.308831825100898,46.009752776307664,-21.374253400150778,13.596874056539372
2001-05-13,0.6619927010002806,48.393950805487876,-21.340862574057432,14.367721049940373
2001-05-14,-0.09984686102963192,47.0826091454829,-22.298771394346783,14.93249869108667
2001-05-15,-0.9432201460416278,46.96435650120442,-21.889468196570018,14.84285534446102
2001-05-16,1.1340330436516477,46.68530355411522,-21.139168638030917,14.941601872634918
2001-05-17,0.5776753970783435,45.38528414599262,-21.39734400062222,13.898572906013207
2001-05-18,-0.11691412215471197,46.796682639637226,-20.505975747709797,14.007902138691886
2001-05-19,-1.9226190607897218,46.50839447174863,-22.08425770738575,14.723634713080745
2001-05-20,0.93382907043866,48.12238456717571,-22.02765314624959,15.892583176158986
2001-05-21,-0.18083698025053918,47.724317977291804,-20.471858837196155,17.003421639112368
2001-05-22,-0.4760483936638851,47.98287697927109,-18.73454570888791,17.05703016761211
2001-05-23,-0.9230833565328966,47.360498672303805,-18.92751812302785,17.298027248657153
2001-05-24,-0.4941716901355448,48.08110682773123,-19.904923455821255,17.260378713907848
2001-05-25,0.7126984871825253,47.75295176585545,-21.784835075849657,18.24855833679659
2001-05-26,0.8751155698713827,47.81275646044906,-22.893117229300483,18.13863019739209
2001-05-27,0.8550244069356173,48.111902579105525,-24.60656760986441,19.765468975681927
2001-05-28,1.5364189811621238,48.410904142796156,-26.086542745197185,19.17040754948141
2001-05-29,1.4025197808982208,50.330743062032525,-25.16911193334317,18.9216964455341
2001-05-30,2.2320355345283964,51.26678964456455,-26.207540034783307,18.539152425058436
2001-05-31,0.9511156259753375,51.59294977797882,-27.6387790316189,19.46450767839371
2001-06-01,1.7689082616554481,50.79230679568119,-29.587458753044153,18.767825978704536
2001-06-02,0.6937067745845078,50.29721525749779,-30.787794271771727,18.430822202398613
2001-06-03,1.0232466026192681,50.36600858378715,-29.93509127060917,19.21760038459681
2001-06-04,0.7755921258527804,51.21299503082434,-29.066575095164488,16.672402221897723
2001-06-05,0.383574340956817,50.17083437519268,-28.802891106271545,16.375190251818633
2001-06-06,-1.4196517442218477,51.65607274390149,-27.886303525129872,17.42544690312378
2001-06-07,-2.419698581613393,51.72361232745434,-28.27560473314811,17.496648498672496
2001-06-08,-1.7788747603619897,52.000433184962645,-26.812732658137122,17.767766150302776
2001-06-09,-2.3035236705405615,53.42872942557763,-27.156120168669737,18.07636684541096
2001-06-10,-2.6749731653025175,53.81970554646205,-27.385076400317104,17.78585549531218
2001-06-11,-3.2762040286862173,52.856678348701436,-26.39537959830378,16.97778637724517
2001-06-12,-2.9130672512547475,54.1018912346945,-27.834988708581246,18.958817933706072
2001-06-13,-4.397021647762091,54.41767206867596,-27.463715254521322,17.17394491069578
2001-06-14,-5.566070991857552,52.93421626470784,-27.009857253211226,17.932828702521004
2001-06-15,-5.3143863046189885,53.20100312672935,-26.545130241240994,18.76317328839741
2001-06-16,-6.127367256437518,50.766709367373544,-26.875141424798198,17.877653093427096
2001-06-17,-5.031352708591904,48.927512942660464,-26.70579288989538,16.624131175333204
2001-06-18,-5.581579282903399,48.72504224067085,-26.20422652009954,16.196084609801837
2001-06-19,-6.896412493201943,47.987119839936845,-26.106167369699016,17.75419536657442
2001-06-20,-6.4596527578122105,48.37604345106151,-25.51163904631233,17.83838459060419
2001-06-21,-6.401997586964111,47.3720506263093,-24.74952150057945,17.391392153033586
2001-06-22,-5.7025352807486245,49.65621825972394,-24.67065099848631,18.227619507203382
2001-06-23,-4.882350198742727,50.69633786335025,-24.020408785329423,17.414823765582618
2001-06-24,-4.935592178108561,51.49556005338901,-23.580797474297114,18.572463558388204
2001-06-25,-4.486608540611295,51.906668991824134,-23.492561435436304,19.120074731957658
2001-06-26,-4.0146024885723035,52.05410265387601,-23.087808236890396,18.868589432195897
2001-06-27,-4.090777967436361,52.56683056691775,-25.063637621979748,18.65848567062139
2001-06-28,-5.944741467532177,53.011068896448876,-25.342441300173505,17.996726498577843
2001-06-29,-6.716223745458904,53.88701235255677,-26.17426866162374,18.77328001284595
2001-06-30,-7.659843264634213,52.9970132006566,-25.276937612394036,18.360320244305495
2001-07-01,-7.948163059080897,52.57669331690587,-24.898613131314605,17.144219953095998
2001-07-02,-8.935252218209337,52.03552290410894,-25.539460975385165,17.551112330658462
2001-07-03,-8.089289787025654,52.233042562120694,-25.998329693766944,16.903959393238996
2001-07-04,-7.554242611629683,51.66264306145027,-26.199039504391763,17.934606658348585
2001-07-05,-5.076035871373925,51.64544224479752,-27.07411088277955,16.0369307596879
2001-07-06,-6.815921595668474,51.752169772442706,-28.229720852621043,15.191831712933032
2001-07-07,-4.30937689586993,50.76507451705475,-28.345573590476395,15.334146735596493
2001-07-08,-3.824327660976655,50.53229653630095,-29.284550430064638,16.056157842035677
2001-07-09,-3.924646567912732,50.00155288634885,-28.454593645770082,16.606671668959294
2001-07-10,-3.8418744433276926,49.212922918976744,-27.1177392527423,17.894025544843256
2001-07-11,-2.7304537065199073,48.82747401634815,-26.682990992532215,18.730827370110898
2001-07-12,-3.1605507857906927,49.26893633257138,-26.835149728972656,18.746134283712028
2001-07-13,-3.715494001259607,48.236067870138605,-28.259834408026585,19.8892820098599
2001-07-14,-3.3912464298946996,48.26386214206889,-27.590936195622067,18.846864804427778
2001-07-15,-3.8194850846729533,48.23106127588656,-26.646331317194843,18.33434841007423
2001-07-16,-5.065981772895602,46.916177075418176,-24.82116863223254,17.2578104222933
2001-07-17,-4.595634021354508,47.56040277518889,-24.812724723679267,16.41556192713558
2001-07-18,-4.485296064184217,48.45167575339302,-24.994418581523774,16.364040331947436
2001-07-19,-4.458945923977008,49.06544052315495,-23.696254848124134,16.960462745740152
2001-07-20,-2.797649599160068,49.32378827448206,-22.209347952887043,16.600807104468164
2001-07-21,-1.311401169680836,48.544824902176515,-24.44067242300047,15.612452035109376
2001-07-22,-1.9744394947416648,46.759747072447915,-25.54418599788817,15.438829940706118
2001-07-23,-2.261855827452052,45.852816888639126,-25.981500882285754,15.548752752608184
2001-07-24,-1.6292117100412669,48.206166655999525,-27.076745146723372,16.482021997355293
2001-07-25,2.5564981260758244,49.8265949265207,-28.350403966358723,14.68675972732698
2001-07-26,4.308218096134216,50.70835108871435,-27.2915447102332,14.668603856006326
2001-07-27,3.6856977608069577,50.60199459502322,-26.440910587134635,15.407341059424265
2001-07-28,5.000931436181322,49.24039406605465,-28.05409677105969,14.38841878024705
2001-07-29,3.797485692092706,50.25171391137714,-27.811069960254198,12.732361686497217
2001-07-30,4.2365803109245705,51.4254015563645,-28.891067608028365,11.976046539390563
2001-07-31,3.383424310119129,51.52706043777491,-27.05113910122042,10.107140242068406
2001-08-01,4.792241572165083,50.64355110598264,-26.71821983505697,10.860494855091591
2001-08-02,4.006200106916648,51.62672944259313,-27.567072397632103,10.846760160074437
2001-08-03,4.441168984015427,51.00441032616737,-27.052275830333826,9.678990156857505
2001-08-04,1.9250012010063768,49.79337370075782,-27.970618296248446,10.161362128895906
2001-08-05,2.884324952668514,50.51593073284693,-27.899915571134507,10.613512925595025
2001-08-06,4.536876414482596,50.45921719495619,-29.06375226148811,11.054418298901295
2001-08-07,4.279247053045791,50.56461329289997,-29.849101262105705,10.402002082210975
2001-08-08,3.414591960766557,52.58170584281607,-30.82531699058402,10.666278615283959
2001-08-09,3.3681742929917053,51.34661585412497,-32.23245838156665,9.731574092009813
2001-08-10,3.3958310929233564,51.372795626455854,-33.23766290558263,8.692773022344905
2001-08-11,3.004462281404722,52.426514174613864,-31.853049812596335,7.86883597042605
2001-08-12,3.9946438447640733,51.44106853380798,-31.76925342218021,8.399573688774153
2001-08-13,3.496330711527879,52.40757872976039,-32.09341613921839,9.44338352893323
2001-08-14,4.178586986972361,53.510343322400715,-30.795095423473626,9.791746866972575
2001-08-15,5.003788800900276,54.21367916284262,-29.81016427806181,9.352484165965164
2001-08-16,4.696959767447554,55.14860144780389,-29.542761380504615,9.89859434278352
2001-08-17,5.187322540425468,53.75110827544457,-29.131273359568848,10.04559064639306
2001-08-18,5.445511260907036,53.7197241932226,-28.492982758924057,11.455097288526042
2001-08-19,5.881650678455823,54.6819105895664,-28.47328600445471,11.729417236811807
2001-08-20,5.983091111179659,53.154264800021515,-27.16803524342777,12.737144147228786
2001-08-21,4.442751383185294,55.107747188666366,-26.689598486655534,11.42758745999864
2001-08-22,5.303176623402603,54.97774311937295,-25.903696543891794,10.025646893721213
2001-08-23,5.593474273434122,55.86974693941659,-26.7247938002511,9.937615054570724
2001-08-24,4.7633945538857,57.059936428300325,-28.54161048515248,8.804604422412131
2001-08-25,4.600842197120722,56.479515602529005,-28.477669696019504,10.172301180239328
2001-08-26,3.2221237264386997,55.89882361805922,-27.131549231388085,10.181340861755281
2001-08-27,4.8693809565720745,57.18445094284736,-28.535476110500948,11.016397814311032
2001-08-28,4.622941635016845,58.274461621590646,-28.77566531967239,11.179014542233261
2001-08-29,4.3574486748705565,57.53758140465774,-27.689879849021132,10.854167631470151
2001-08-30,4.4301638578229525,57.49698670369395,-25.949880247634066,12.402414208369201
2001-08-31,2.27118331063828,59.16556925657789,-25.49336535395727,11.282681807763169
2001-09-01,2.9226019354226214,58.83692741690837,-26.048164829781623,11.799875670955531
2001-09-02,3.6316953297672647,59.563338008752105,-24.65548587304083,12.453616190720293
2001-09-03,2.4332262034518113,59.25389507369658,-24.103203094858017,9.63272264767651
2001-09-04,2.7529755016730126,59.631983933537434,-24.120675279032593,10.860442033894987
2001-09-05,3.0304013336498374,57.904122744625056,-25.611397911920236,10.694579981383018
2001-09-06,2.7283586243638913,58.28177009666216,-25.762949882356466,9.548523182741516
2001-09-07,3.031027375133945,58.52879373994659,-25.667826669437904,9.247327014817367
2001-09-08,3.599228168469597,58.20191931408514,-24.815614365098515,8.963782599100238
2001-09-09,2.944262031126482,56.7485223920927,-24.741496220582928,9.202243438571204
2001-09-10,3.673714659367647,57.27259292520448,-25.98001592832092,8.03034709221722
2001-09-11,4.30797588385061,58.388495128782814,-24.94574788742153,5.846469630582321
2001-09-12,3.680248234292011,58.40761089222988,-25.166226354687087,5.157869485207937
2001-09-13,2.189906174631873,57.62894173303582,-25.037736582689583,4.444824965049728
2001-09-14,1.0438197966020444,58.10221990906079,-24.539784787655154,5.325269814063093
2001-09-15,1.2975455825431135,57.9895233471441,-24.813228723414305,5.444137735831158
2001-09-16,1.5030179094925094,58.02896540530952,-22.925427835602118,5.992324449892711
2001-09-17,1.5022171558814132,56.50540538280357,-21.894989576359148,6.302996387452186
2001-09-18,1.454157921618438,57.90210182865985,-23.001626158351513,5.128467893973868
2001-09-19,2.3290042816723875,57.8008080394924,-22.202477910775702,5.0711038103743205
2001-09-20,0.6679100812759673,57.85890375984335,-22.593292500455536,5.443422399123806
2001-09-21,1.2020880439698667,57.382087803656745,-21.062444928488297,5.437883182067644
2001-09-22,0.07482407282881809,57.98038348603288,-21.04095751855381,8.374773537076862
2001-09-23,-0.14781122747386224,58.2808849617927,-22.041526635248093,10.00845722285816
2001-09-24,0.8204761863610964,56.91439432150335,-22.860242373594293,9.539853431913663
2001-09-25,1.354062917155128,56.07739066290023,-21.203092588018336,9.72389636221066
2001-09-26,1.7345680038410827,54.74391456664902,-20.16545625694777,11.049731902714951
2001-09-27,1.4174027281553037,55.65718960099079,-20.413074625259636,11.648453411209545
2001-09-28,1.2647225556228305,55.03610195462713,-20.2689025346537,10.951654010455018
2001-09-29,2.406752808125524,54.34302357629402,-19.44433927383279,10.565288939858146
2001-09-30,1.5731530048930054,54.09772555714592,-19.848611712544553,8.741149830392338
2001-10-01,0.30973386079596854,54.637510717805156,-20.160417746165084,8.628218483958403
2001-10-02,0.15417143976681402,56.27691458010685,-18.3660530453984,8.910343582434209
2001-10-03,0.8098384018690016,56.05803298325595,-17.60141455420605,7.66164900522469
2001-10-04,1.177598961244166,55.34638245268072,-18.0729310876316,7.844482642804183
2001-10-05,0.42896929863010824,54.96837399142925,-17.560761415164908,8.22813732369948
2001-10-06,-0.5655975440927811,54.10593339937911,-18.607749803628124,8.7021235663241
2001-10-07,-0.34852523498763177,53.955852142705595,-17.647221189824513,6.813825313293267
2001-10-08,0.9766351816519931,53.639686366921936,-18.970353235953876,5.434865993691332
2001-10-09,1.1134650513041797,53.75204493923454,-19.052683373878303,7.948128220873116
2001-10-10,0.9806512519209656,55.128617044053314,-20.368909360335998,6.508973888082834
2001-10-11,0.1483683441565672,55.686445362950245,-20.407472633733796,6.472592914038531
2001-10-12,-0.7327456708624618,56.39513498296552,-20.98624353849637,6.914354184399036
2001-10-13,-0.9953704488848931,55.262839284005985,-20.41838326782073,6.426385110286925
2001-10-14,-2.7816217821063374,53.22439495074175,-20.952600893030308,6.169611911422255
2001-10-15,-1.988873171092287,53.23785128346027,-21.597713042797334,5.5131277384873485
2001-10-16,-0.9609807269601875,53.301121654870094,-21.658567304613584,6.37272647781555
2001-10-17,-0.22040164974126664,55.03936564722539,-20.75975660176195,6.516192669052736
2001-10-18,-0.6564285018610094,56.34334523440536,-22.35738189993909,6.462462176218622
2001-10-19,-2.040983915837278,55.59942609879186,-22.62527720956195,6.549543851893194
2001-10-20,-2.6899086952573135,57.61869344707596,-23.452331049507244,5.135969481357976
2001-10-21,-3.837004753480287,56.70372106421814,-22.46008227148236,4.1956632691766185
2001-10-22,-2.768948505190864,56.263354234412134,-22.830265167607454,3.4915665630737607
2001-10-23,-2.7703890976409924,56.4119712420528,-23.72431097334323,3.709971103375419
2001-10-24,-3.038288280391024,56.57997632070139,-22.800057642466374,4.035378415330395
2001-10-25,-2.4247194935464487,56.224840474787705,-24.23337559300472,1.295260146884523
2001-10-26,-3.9853016763105344,56.05634226535837,-25.154565595561646,1.0368142653353005
2001-10-27,-2.4593798743942172,56.457176944174066,-26.540742193971727,1.1165085896086009
2001-10-28,-1.5399036987214614,56.80789184528422,-27.676089182031546,1.6069056565904596
2001-10-29,-0.5875967812283057,57.36987102597816,-27.048435255210624,1.847302204113237
2001-10-30,-0.7931687127188675,55.550748912237246,-28.65149889535201,2.844999972363655
2001-10-31,-1.6906459541718686,54.66560579226963,-28.561192081606727,2.9150106547895707
2001-11-01,-2.1891814181646914,55.531997620984676,-27.87897712462335,1.7793850077719675
2001-11-02,-2.7644274106916007,56.39341856218818,-29.652890504036876,2.5301794102480004
2001-11-03,-3.129014869666313,56.69412002752697,-29.91321540050261,3.971611530810664
2001-11-04,-2.4583614982252557,56.75961631032499,-29.461368300962533,4.038925587512536
2001-11-05,-2.6663673979449984,55.20654685682426,-29.98375493223125,3.3776132526576936
2001-11-06,-2.7987060412277223,54.08231055627419,-29.205620373809744,0.6093248040145767
2001-11-07,-2.368503506080536,53.41273337306649,-29.917164299143252,0.47891499469420384
2001-11-08,-2.782935173665984,54.00612671413372,-29.124108662070554,-1.3157920698103447
2001-11-09,-3.038384613233345,55.41936532292896,-30.623619495588716,-2.8556020306161862
2001-11-10,-2.0439074816231404,56.26834795507848,-29.63950645744438,-1.4795295674045954
2001-11-11,-2.138102739856648,56.825377588192026,-31.06417857561115,-1.965685066529908
2001-11-12,-3.341444350556757,57.379220700895246,-30.64490092012531,-2.0735313912594218
2001-11-13,-2.4686100967123075,57.090980345319295,-29.55025996378408,-3.359710006652387
2001-11-14,-2.3898288890916235,56.6925694941949,-28.609700518799364,-4.192712467654546
2001-11-15,-2.6812790226332135,57.37462564589268,-28.04460386253932,-4.840311551216889
2001-11-16,-2.7133437461283156,57.69612076833965,-27.056027427830546,-2.1848989708881086
2001-11-17,-3.760150016451247,57.65252765131814,-27.699081437053298,-1.5244193471982417
2001-11-18,-2.020446577741191,57.40557272180599,-27.131282805584384,-2.585175649712388
2001-11-19,-0.6400321975905634,56.99382149153409,-28.22818701998759,-2.957695133943897
2001-11-20,-0.5874154351672101,58.75616588243576,-27.34467303486228,-4.403001069064425
2001-11-21,-2.3997622232023224,58.917568290466384,-27.21073499771386,-5.104987846194058
2001-11-22,-1.8087610837550718,59.85385024913546,-27.18195044535504,-5.395432169485128
2001-11-23,-3.1436402936825694,59.93804235505318,-27.164650329068614,-6.257942302954398
2001-11-24,-3.3599579584704027,60.358021372740396,-26.734294312418335,-4.827261090441004
2001-11-25,-6.038057180892897,60.289586761961104,-27.272263246665084,-5.1244089997049524
2001-11-26,-6.761023899711519,61.58789755549052,-27.83246663767262,-4.112918549807595
2001-11-27,-6.555069566386379,59.99735685847776,-27.200377658938258,-3.7906343118435917
2001-11-28,-6.4357207663459235,60.95986046280955,-26.321194532073978,-3.773657590448638
2001-11-29,-4.781129528012086,62.60230895078635,-27.152990500117554,-3.1625515366033126
2001-11-30,-6.044837125158204,64.04809276746298,-26.923357404101196,-2.674899900387407
2001-12-01,-7.503968004260589,63.15252018129629,-24.387520793205844,-4.257965319822553
2001-12-02,-6.5161268964285926,63.08424282986315,-25.06192027974135,-5.505664455540495
2001-12-03,-5.91400184660285,64.64712309494081,-23.689971045437733,-4.843987688694607
2001-12-04,-6.3291217765135706,63.7518861206061,-23.94675179027398,-4.82875521526195
2001-12-05,-7.532789328712911,63.05111299821406,-23.946284016166274,-6.112191783476365
2001-12-06,-7.262210961824442,65.10084180722333,-23.676618746689922,-6.70048444492387
2001-12-07,-7.019669308228776,66.71900888085743,-23.88211823743126,-6.994772431516646
2001-12-08,-8.83593867847414,68.33133167196497,-25.982822286977807,-7.748955457727954
2001-12-09,-10.936874801283894,69.07824376010008,-25.938722368010467,-8.358736226910214
2001-12-10,-11.223420975980039,69.48544107257624,-26.25328394628392,-8.989060278230514
2001-12-11,-11.23717431838886,69.30219661472225,-25.88624526969323,-8.338713936411486
2001-12-12,-11.174617511810473,68.92165646214922,-26.69857680163576,-10.575255762734391
2001-12-13,-11.768641192294561,67.27179487406143,-28.542541059663847,-11.721320319812474
2001-12-14,-10.452401806547334,68.39818991358236,-29.354079492942645,-9.575273792934844
2001-12-15,-9.342353778162286,68.3418036559638,-27.92208944213684,-9.699309668002016
2001-12-16,-9.741404560867016,68.36764392845112,-28.718246768298403,-10.215255688275242
2001-12-17,-11.333416463081225,68.15183198505119,-29.103589328369623,-11.87445783463013
2001-12-18,-11.406451516392504,67.54746630523438,-28.40116613969405,-10.792317599330424
2001-12-19,-11.735879140224407,68.63417168938452,-27.601817818868916,-10.82437184338982
2001-12-20,-11.709814666073198,68.25903823096546,-28.94648003048226,-10.90937381846911
2001-12-21,-10.956651769448095,67.70917738956976,-28.861010632097344,-11.127476379709218
2001-12-22,-11.008628652881363,67.42694953291027,-28.829215028866287,-12.640136364863434
2001-12-23,-10.22922054685553,67.42495984536546,-28.268031101670203,-13.156246993918558
2001-12-24,-9.399364375036955,66.03027034878168,-28.738580717037113,-12.494058674542822
2001-12-25,-9.012719669875677,65.90456581928362,-28.301406146718165,-11.610333907439017
2001-12-26,-9.045319310215202,66.06193979708023,-28.666201466568573,-10.040730755506456
2001-12-27,-9.590585002872611,64.96718787878977,-28.687701482160573,-10.300240144223586
2001-12-28,-9.069049775444299,63.955026571142206,-29.092381578706753,-9.846513604950614
2001-12-29,-8.204484985151744,64.4173526433254,-29.395545545285426,-10.56641188539306
2001-12-30,-5.91353495658786,64.28928215609724,-27.697984997721093,-9.905980906313061
2001-12-31,-4.370232900581015,61.08009208628604,-28.199973125687613,-10.808802095697928
2002-01-01,-1.8654599452842278,61.07413010538252,-28.051560687414028,-11.075343186678465
2002-01-02,-0.8755575565612248,61.158206777752085,-27.65410103399265,-10.683761324106388
2002-01-03,1.2071929940176593,61.83054146801873,-28.064160876430634,-10.682776966267408
2002-01-04,2.9790586276843376,61.77357227925624,-27.614077540367596,-12.806308344693086
2002-01-05,2.3842756321507164,61.05376985021928,-26.14579980990768,-11.87355059655558
2002-01-06,2.7359383274957096,61.918415884604386,-25.915146330212014,-11.279664813661606
2002-01-07,1.9407653759321781,61.92400304516793,-25.724696580751225,-10.487127667710302
2002-01-08,1.5436563367651517,62.30946126021472,-24.419034871511272,-9.907726168260021
2002-01-09,-0.2324670965535025,61.02746223285095,-23.176066069923785,-9.480888696004916
2002-01-10,-2.264211256007081,60.612207993380835,-23.244399619570544,-9.356593334046488
2002-01-11,-1.5460023269242686,62.530682363630596,-22.32716410555054,-9.376389534189197
2002-01-12,-1.1956236259081003,62.04830226459437,-23.767917553273026,-8.51238322813253
2002-01-13,-0.9614512042108708,62.07748317786054,-24.46570160388701,-7.611446749855949
2002-01-14,0.12062636927464176,60.93386444312561,-24.366481390369113,-7.747732146543161
2002-01-15,0.20129958334182108,61.47789151979858,-24.622006660899025,-7.376606261858453
2002-01-16,-1.581245031190516,61.91528037473555,-22.889083401484527,-7.616182773014305
2002-01-17,-3.600576964650547,62.62986995572659,-23.108561260733087,-8.19344787440521
2002-01-18,-1.947996687087429,63.115593039358174,-23.700700981576475,-7.978678163469853
2002-01-19,-4.963409695074451,63.91455810560333,-25.578443607259434,-7.478879383545794
2002-01-20,-5.022488754583451,64.54340945504931,-25.5652790311588,-7.964777189395854
2002-01-21,-4.591826566208487,63.22160042357024,-26.261143920121906,-8.891231960255356
2002-01-22,-1.7860922576667377,64.38237086107826,-25.900129419326053,-9.625623271119473
2002-01-23,-1.3822563527401261,64.7469377344239,-24.7560178308533,-9.640776663571133
2002-01-24,-1.092602043310596,65.23808064628734,-25.002016319964532,-10.32948271207863
2002-01-25,-0.6481735906187129,64.76099996488878,-24.00126711246298,-8.940063317248677
2002-01-26,-0.6905551623530531,64.59941332353331,-23.64587869352949,-10.317157857686432
2002-01-27,-1.949157181585417,63.785370585593334,-24.288647060241733,-10.79154954185148
2002-01-28,-2.2550651676584996,63.009376882755774,-22.48500354466692,-10.577749668708893
2002-01-29,-2.0901889090668293,62.73237487635905,-22.369363130668752,-11.275031966252447
2002-01-30,-3.2861306076306898,63.91167259399966,-21.175747711760472,-11.522074632469373
2002-01-31,-4.507734050306787,63.32843041256593,-21.447226304612222,-12.432408984629117
2002-02-01,-4.199624082490533,62.384192030753105,-20.226900356955568,-12.463191073744191
2002-02-02,-3.5729729131691554,62.425605139730706,-21.074300423687426,-12.18189685571059
2002-02-03,-4.6545992190624785,62.291860627157924,-22.31230860713129,-10.502590223967069
2002-02-04,-4.750755724995425,62.57312100909743,-22.049499037020052,-10.961582247851432
2002-02-05,-5.398594407776067,62.745458280360864,-21.363479717535334,-11.630704654189378
2002-02-06,-4.361344950950091,60.25686449166533,-22.7938858079075,-9.995826682067426
2002-02-07,-4.036526154687263,60.34196095596636,-22.78510860867528,-10.6965302342579
2002-02-08,-3.340319142893435,59.65270306802165,-22.594340591104057,-11.24900712010297
2002-02-09,-4.639137365050121,60.2075936683748,-23.295455531922187,-9.382000088605555
2002-02-10,-3.408298066236177,61.9793145420301,-22.240803827131526,-9.730962910184733
2002-02-11,-3.4601694653685664,61.902012688523584,-23.302198312600048,-9.851614169438108
2002-02-12,-4.2851066543545375,63.0354127490999,-25.018913049273035,-8.825579029271127
2002-02-13,-2.4515790250257705,62.68133306891862,-26.396326559562475,-8.447614316704298
2002-02-14,-3.379016131803462,62.2032854888938,-26.007160209312726,-8.400450822582421
2002-02-15,-4.195857024866919,62.99974870345944,-25.491460513694452,-8.66527198701567
2002-02-16,-2.9080839920204404,61.43188817165097,-25.752394765595554,-9.453727671997093
2002-02-17,-3.2046447237352895,60.32786905032028,-26.10799384669254,-9.922562823700272
2002-02-18,-3.7068408569280415,58.995491016103685,-27.177517310443978,-7.976689179948199
2002-02-19,-4.698254513133928,59.600440335173026,-27.963394678624926,-9.595167596368954
2002-02-20,-4.878983802535356,60.705511329169525,-27.966665801279056,-10.543085608317085
2002-02-21,-4.4029812646861455,59.402429160554426,-26.68024825393829,-10.420115638420304
2002-02-22,-5.125751570832703,57.73030767445702,-29.022670730342107,-10.773825337704885
2002-02-23,-5.65481340494739,59.60940086372514,-29.167314864309837,-11.04737684968464
2002-02-24,-6.01255346640406,61.030887301799304,-28.08291907315944,-10.396554596716117
2002-02-25,-4.235331746623945,62.17416612877787,-28.168770728944963,-10.809926542773015
2002-02-26,-5.307467315951203,60.87823670423039,-28.301975265961225,-11.895125493010463
2002-02-27,-6.045326087753874,62.45053785991482,-26.922958524239288,-9.94928520437361
2002-02-28,-6.050384542201003,63.42141133971302,-27.608908049641634,-10.131724348293373
2002-03-01,-7.965581875345837,62.68461790596867,-26.901097661936014,-11.97148072105384
2002-03-02,-8.641115712206826,62.58281212099099,-28.567382628175018,-13.398990440150442
2002-03-03,-7.248076791063788,63.04777882689724,-27.5685453205648,-13.677157578690974
2002-03-04,-7.187666940051448,62.13879481109436,-25.8451551387808,-14.74864268136748
2002-03-05,-10.13302262510523,59.901246248753374,-24.661114848853195,-13.61349947130166
2002-03-06,-11.090562533322048,59.43268564109826,-25.880980645129615,-15.492801249718806
2002-03-07,-8.924932521199958,60.177236130489916,-26.309893940168855,-14.298716765949877
2002-03-08,-10.322202375131459,60.388971221004084,-27.72171747178415,-13.076987563641932
2002-03-09,-10.116118160485234,60.59576723219082,-26.60490131959521,-11.747977089647023
2002-03-10,-10.332775342167093,58.62433318448342,-27.367899945845217,-11.875045074649643
2002-03-11,-10.229634780498372,57.969328773235496,-28.390126367214492,-12.910492281687754
2002-03-12,-8.9243008451201,60.08071903943638,-27.825096472613495,-13.244475146292446
2002-03-13,-8.830458833487926,58.23161750809465,-27.607402335952624,-11.533464487474353
2002-03-14,-8.09167868124829,59.62875796605003,-27.616165140148457,-10.667160883963012
2002-03-15,-7.530772406794177,59.43533620925882,-27.395805167868843,-11.724838030287286
2002-03-16,-7.858910296275838,60.97885169376636,-27.900275852247265,-13.04725177495248
2002-03-17,-6.6770737563975455,61.7888911546752,-29.282736103747073,-12.587004903098954
2002-03-18,-7.987248907914355,61.190066280078334,-29.207144387494598,-12.909777466968405
2002-03-19,-7.13654446890721,60.89638829413819,-29.461547836039603,-11.133974045702525
2002-03-20,-8.224915962176,63.09905128878309,-28.883013490322185,-12.08353497679872
2002-03-21,-8.681588585804153,62.10387219719463,-30.15847031696491,-12.003946876377878
2002-03-22,-9.254910710022635,62.48343017106155,-28.762709868147947,-12.093155750549021
2002-03-23,-8.953993825208883,62.487268836294845,-29.54114112019035,-13.840950914036949
2002-03-24,-7.294656059557432,63.22772952105563,-28.359095120594592,-15.933216291203763
2002-03-25,-6.352066620480886,62.39381329286289,-28.72552897368909,-15.569262098199994
2002-03-26,-5.469420405181398,61.528349742606174,-28.419862277680593,-16.597040118908264
2002-03-27,-6.036472230087335,61.121193921502716,-28.752547937522362,-17.317137855916865
2002-03-28,-6.292382476757284,62.883696751922834,-30.03415629940788,-15.864762830093309
2002-03-29,-7.459977578563454,63.230880583273844,-29.364608179911134,-16.537829939591806
2002-03-30,-7.677470478383019,62.71207122984006,-29.091092893694636,-15.926033424238211
2002-03-31,-7.2622249545729165,62.50896301206196,-28.725150819330523,-16.51755261474219
2002-04-01,-9.2075185467529,62.338745733162085,-28.102481155536804,-16.652923711163304
2002-04-02,-9.71949367608379,63.8981817543518,-28.79124061492609,-16.61941034960343
2002-04-03,-9.787967745065089,63.24373822546911,-29.28880073072512,-16.640276111125033
2002-04-04,-8.731231828114309,63.386148094239715,-30.30334883266741,-14.631986856197964
2002-04-05,-8.026261967381876,62.618066249203196,-32.32000454750663,-13.304915030718014
2002-04-06,-8.6618188687108,61.61437807955495,-31.905182692115552,-13.440581372842205
2002-04-07,-8.088913568635132,61.30442508986964,-31.672669100541974,-13.448267623962389
2002-04-08,-8.54942355925832,60.79605967004555,-30.047323072747936,-13.623242596167009
2002-04-09,-8.678187217066087,60.027013500650654,-30.577741197229003,-14.8301247047241
2002-04-10,-5.2679187622282475,57.712436516386305,-31.23169988065312,-15.281828552583267
2002-04-11,-3.617354382465137,58.23167717723317,-30.968685660362663,-16.471472212453023
2002-04-12,-5.0361780375313785,57.373544605892555,-31.363595350617093,-14.804339702089296
2002-04-13,-5.879278088657076,58.1185728787988,-30.103717775324764,-14.453312441883105
2002-04-14,-6.881613989823717,58.2748728585693,-30.969905632428684,-13.280226290588228
2002-04-15,-6.3776730909438095,57.50358394365099,-30.900863603334916,-12.703855241801536
2002-04-16,-6.426821976993712,57.06139705847667,-29.212314639569943,-13.248029981497771
2002-04-17,-8.311210969856816,57.16185141735933,-27.841047023546132,-14.705103636019286
2002-04-18,-10.27346263373137,55.61786523621554,-28.090450602090762,-13.12535755877211
2002-04-19,-11.333380551313132,56.144373931834856,-27.152177164809547,-12.746633864032194
2002-04-20,-11.49506401024817,54.44389427306775,-25.89278828895031,-12.945370324344086
2002-04-21,-11.711627837138273,54.75963535136638,-25.961290377720008,-14.315675623474892
2002-04-22,-12.46420062655786,53.86720665812566,-25.20580945221291,-14.087098317302955
2002-04-23,-13.714977077602256,53.96106345517943,-23.323207150853456,-14.19182624344554
2002-04-24,-14.336472372702932,53.54327688169819,-24.571836165858237,-15.467959864859898
2002-04-25,-13.58679904186801,54.60711570261537,-24.473428556727644,-16.60945478110472
2002-04-26,-14.635948526410536,54.4884683829603,-24.389691866089546,-16.368902482499294
2002-04-27,-14.409729268118689,53.41636366050589,-23.701403311378844,-16.862251078997716
2002-04-28,-14.143415108516692,52.48511401064136,-22.863730675926117,-16.28878767497622
2002-04-29,-13.576437409004253,51.78454300655749,-21.545633386897173,-15.066556269234013
2002-04-30,-13.32291884576818,52.5447842455061,-22.978147882470257,-15.755752288886535
2002-05-01,-10.235564389079887,52.05455888443887,-22.644031268801413,-15.361139257899264
2002-05-02,-8.971401716193407,52.34658960714414,-22.53384848375349,-17.449925511220503
2002-05-03,-9.177550199153643,53.56670514315812,-22.931585960353434,-18.034224629828778
2002-05-04,-10.027060445620995,53.31248739742647,-23.83296425227555,-17.244368814860653
2002-05-05,-9.942266346413598,53.377346770805694,-22.597446636232984,-15.867727701572528
2002-05-06,-10.493538528621537,55.01790712789624,-22.801439518531016,-15.942285717511707
2002-05-07,-10.261815393032016,54.93003878155912,-21.220467335655112,-16.73501825998408
2002-05-08,-12.200433487309656,53.483156257737456,-21.361300194973655,-17.368785434217486
2002-05-09,-10.995594299266468,54.57354402851769,-20.741292638351553,-17.554083417196118
2002-05-10,-11.673086649573172,52.848745480856756,-19.493514384827716,-17.599132580282586
2002-05-11,-11.54011294418214,52.05724247953171,-17.66364263822864,-16.055575313333133
2002-05-12,-11.835613131644036,50.31207733916277,-17.110093252854057,-15.374060109396147
2002-05-13,-11.131522304940173,49.59516913755022,-17.444281039883514,-13.99974078183883
2002-05-14,-10.603545860525658,49.93280253936965,-17.137912539634197,-14.626927606758896
2002-05-15,-11.954898712588946,49.59152758495089,-17.53915330596086,-15.134411348565024
2002-05-16,-12.684146385439417,49.01740446799726,-18.546691587100437,-14.773550425955468
2002-05-17,-13.005660313695234,47.708121520845864,-20.22090189174894,-14.49336268681373
2002-05-18,-13.986301155949304,46.78831796667203,-19.721139967332395,-12.208979371406334
2002-05-19,-13.730575538937481,45.688684101540474,-17.983278969946596,-12.722416548600371
2002-05-20,-12.966812114569128,45.279769941321156,-19.946033330699972,-13.87575671496177
2002-05-21,-12.133183969961125,46.66481614722468,-20.463566470012655,-13.299181481841176
2002-05-22,-9.080593242467208,46.071905891748195,-20.922031254629427,-14.041107187455125
2002-05-23,-8.785298398481315,47.38455251593448,-21.24006993474921,-15.251163811211287
2002-05-24,-9.482551370795735,47.24095541610542,-21.04914917552687,-13.975526406411989
2002-05-25,-10.754777659216517,47.41261289687209,-23.14608205068182,-13.602786773237979
2002-05-26,-10.097013407612089,46.80212832402917,-24.560301920298855,-11.909881988882915
2002-05-27,-10.599491687022164,44.82950565119131,-25.193411428954356,-9.78802585220792
2002-05-28,-9.725230096716269,43.99883139120561,-24.456448394179816,-8.66274692181588
2002-05-29,-10.793046511752348,44.37492252949878,-24.72995642479575,-7.64984778335719
2002-05-30,-11.990127327591475,46.69814168195138,-22.686610501696542,-8.313338619418023
2002-05-31,-10.120518048658232,46.50355789344815,-23.597350005745383,-8.841475982545525
2002-06-01,-9.654092338278055,46.338894247012455,-23.85099199859909,-9.371406719608498
2002-06-02,-9.532223117651789,47.56992397380498,-25.676411352533446,-8.026023654356036
2002-06-03,-9.001395767542572,46.94406416731167,-25.867009764270087,-8.405973127956537
2002-06-04,-7.445049698980037,47.36818584548721,-24.932418970013224,-7.601592399849928
2002-06-05,-7.687624462178241,48.90300549860166,-24.339013150710826,-8.360419906390305
2002-06-06,-8.121265286808399,48.474115977050516,-25.250469756123042,-9.175289610579
2002-06-07,-7.6198339516061875,46.8873060548134,-24.602868334891067,-7.908069519632608
2002-06-08,-6.127381703990051,46.29690257793832,-25.599712204652693,-7.179570921942758
2002-06-09,-5.561003243712777,45.337331652916475,-23.642257142557508,-6.065627317720349
2002-06-10,-4.204054864129488,47.517676751195026,-20.86251343013012,-7.8219724128494015
2002-06-11,-2.065255967563617,47.35486356851744,-22.61510404022301,-10.078561772833837
2002-06-12,-3.3505981918902066,47.63395930373558,-22.074666014337648,-10.149584650532192
2002-06-13,-3.8732984283056258,47.994216489751835,-23.5606392860475,-7.742780843168928
2002-06-14,-5.782522579231308,46.64523727240247,-23.588281136542168,-8.430586159549165
2002-06-15,-4.974893432687669,46.287532263018676,-22.730624877433172,-9.691139493394676
2002-06-16,-4.902163477843322,46.59472906006213,-22.593703686267094,-7.444311894911629
2002-06-17,-6.22871133210191,46.24381899790169,-22.053663280448653,-7.071654359421272
2002-06-18,-5.6637184745760125,45.643870383480674,-23.012914410165916,-5.945893617939706
2002-06-19,-7.62100789207765,47.22220521383455,-23.49015120678975,-4.534734177790847
2002-06-20,-7.752691474422733,47.04543817658415,-23.627034638682947,-4.1856985005845395
2002-06-21,-9.562084055117593,47.7554452426911,-23.390759019524122,-5.673001428775501
2002-06-22,-10.996969110820793,47.820496538299984,-23.64286516104772,-6.280751208174089
2002-06-23,-12.770020977111344,47.65433047442661,-24.211232912156422,-6.471604440785923
2002-06-24,-13.120197263059268,48.71125699939885,-23.345701887563038,-6.745722659288026
2002-06-25,-12.367628233021815,48.67823870281891,-22.540853485643108,-7.307687817215513
2002-06-26,-12.076092319504005,50.503938951077636,-22.490800230881394,-7.544055419367975
2002-06-27,-13.644624918229933,49.125556036184136,-23.263441561969177,-6.735358512170569
2002-06-28,-13.007562537013794,49.5199919533202,-24.01131990115027,-5.487492790194342
2002-06-29,-12.653004348960087,49.42854618208072,-24.22313984873939,-5.331534643224509
2002-06-30,-14.675701135294057,49.19124964487132,-24.468488926060083,-4.966883565266008
2002-07-01,-15.051612385316563,50.73116894685317,-25.113489192841264,-4.543805590501549
2002-07-02,-16.299704494186518,50.06534297873127,-25.506781741930574,-5.63201403693854
2002-07-03,-17.73534186374624,50.45965666322705,-25.293531306298902,-6.593438389047712
2002-07-04,-17.309165329230314,49.423498381558694,-24.115319104406915,-7.1917716705953065
2002-07-05,-16.381591591379962,49.193842508356425,-24.315791846919662,-7.631336605356282
2002-07-06,-15.782288825395176,50.26916365818326,-26.91562061551706,-8.803869610156088
2002-07-07,-15.98064277631827,49.404589901980835,-27.4982682909332,-7.333072377155358
2002-07-08,-17.494965739662618,50.4544604985791,-26.495360745969876,-9.668298776735378
2002-07-09,-18.699827821852672,51.215469617531326,-26.7998378624973,-8.321718527088713
2002-07-10,-19.62372684657079,50.59782756519933,-27.036692604512417,-6.967701106417076
2002-07-11,-20.4562285598439,48.08239613557815,-27.31094646858183,-6.682964549491892
2002-07-12,-22.41099368797854,47.547852375191354,-27.445276311853377,-7.814683556707026
2002-07-13,-21.9889352680809,47.57006032639632,-25.522217489553107,-6.788981586964614
2002-07-14,-23.12877146708241,46.80325620573273,-27.349364773929214,-5.526058926502152
2002-07-15,-24.51868645678463,46.92422368159221,-26.215507453582827,-5.359781189906008
2002-07-16,-24.913239088593095,47.19253132314175,-25.09894735089146,-5.417136931266647
2002-07-17,-24.951874945051742,48.51918556031799,-23.53619996127552,-3.8368845513588328
2002-07-18,-25.96304169789952,48.84090972810402,-23.60610592473264,-4.0832192471920985
2002-07-19,-24.354127520538576,50.310935084273105,-23.59987853090368,-6.038368086518469
2002-07-20,-24.36737527553336,51.75950844574656,-23.494421339886603,-7.251112086907603
2002-07-21,-23.677925379934305,51.987181915394146,-24.308615523149363,-7.337449397553918
2002-07-22,-23.263046264860723,54.86053814657542,-25.684797532292638,-7.181421674467861
2002-07-23,-23.382825885731854,54.400278723300325,-25.34216356576774,-7.264477963843327
2002-07-24,-23.622662985039273,52.717775096217004,-24.214690047961756,-5.504892364776808
2002-07-25,-21.40341758742117,52.95522762429343,-22.665306489720006,-3.724617450993125
2002-07-26,-17.979466847189176,52.592652737733395,-22.4970283648121,-3.6525265678452463
2002-07-27,-17.524901978568792,52.326763639811865,-22.26127407225351,-1.9148744882842346
2002-07-28,-17.920618807323002,53.199099309488844,-23.020454396392715,-2.312199169840217
2002-07-29,-18.34474529349444,53.81672217187486,-22.686536069406355,-2.4551363609993295
2002-07-30,-18.845243148888635,54.30471398414722,-22.654134056362988,-2.2655424969610842
2002-07-31,-18.61252099358589,54.99789376647024,-22.034913941757402,-4.732479593250155
2002-08-01,-19.68332362812194,54.5795521836794,-21.635256566086046,-2.0879945432984264
2002-08-02,-19.246305760949912,53.66216690916513,-20.878885231217698,-3.185292349275371
2002-08-03,-19.66919725732208,53.45015022692258,-20.303637331842435,-4.042506931386652
2002-08-04,-20.985207446043425,54.10982576947576,-20.498460455830802,-4.008728224260906
2002-08-05,-19.911919001487245,54.05581293145937,-21.685806820850704,-2.8109485455923244
2002-08-06,-20.652290773652147,54.49853777466843,-20.499025294876365,-2.1944904706892854
2002-08-07,-21.00700044903191,53.719832250419756,-22.380539631726233,-3.7361000048443995
2002-08-08,-19.70090498264336,54.68277357943346,-22.915595478789463,-4.268407382433225
2002-08-09,-20.059576465674795,56.012753219694666,-21.766662757370398,-5.7561611147064164
2002-08-10,-18.56976274880094,56.897655442883085,-20.46222610603412,-5.426575774387011
2002-08-11,-16.74347298613307,56.572943629507776,-19.784201831605962,-4.354401971611907
2002-08-12,-16.518113039161346,56.82855976219952,-19.670716603212046,-3.406999414374133
2002-08-13,-17.319023708684707,55.0716327746852,-20.017287994430365,-4.754688716320278
2002-08-14,-17.789705886379533,55.868749185125864,-21.622945838124163,-3.916156587112519
2002-08-15,-15.214206060312243,56.1246270764916,-20.225047996256997,-5.565577910061898
2002-08-16,-15.045761896966674,55.439991022357724,-20.011319498268257,-5.045115609077063
2002-08-17,-15.694773224956803,55.21195411237492,-19.45615206981266,-4.515327336549758
2002-08-18,-14.780416256665411,56.682519324238605,-19.281892215063735,-3.7306699827241245
2002-08-19,-15.946535580330568,58.38532658362543,-20.751341583239835,-3.246305250500829
2002-08-20,-15.825066743182576,58.10137111710115,-21.02004311031614,-2.5806927620987574
2002-08-21,-15.303478856716737,57.69848214370589,-20.89187806713485,-0.2994315335484319
2002-08-22,-14.8346378143696,58.71729200346491,-21.22517263978131,-1.1699122614274549
2002-08-23,-16.201366421464655,57.16979461999797,-21.071300315593394,-3.8238148021768645
2002-08-24,-16.685699726104865,58.40118766738622,-21.074917067633375,-4.646187414140142
2002-08-25,-16.29849941681661,58.822278517394025,-19.454764392117067,-2.942220190167216
2002-08-26,-17.028381758374902,59.27968324118648,-19.780160682247562,-2.1052133792287426
2002-08-27,-17.53803318601764,59.79280758116096,-19.77087618187818,-2.1637915419536484
2002-08-28,-17.364536863273166,60.512375066922345,-19.34817629491093,-0.2616865625991909
2002-08-29,-17.185525976959166,61.33601804510885,-18.393551913379202,-1.168111341274403
2002-08-30,-15.78604270008941,61.9627548569437,-18.886092969726885,0.6103378904335615
2002-08-31,-14.98295233394031,62.208171953786014,-19.106632433577538,0.5009134931185499
2002-09-01,-15.572098156683783,61.222503865714955,-17.064969739448745,0.4183272070607909
2002-09-02,-16.035316318518802,62.67272769125998,-16.128657887389462,-0.7374726623056997
2002-09-03,-16.109834066334255,62.078532879847614,-17.42908607737848,0.2533525765579787
2002-09-04,-15.252577999880408,60.462049929639484,-16.99443367959844,-1.4255188318711365
2002-09-05,-16.803875601924926,60.057097119697204,-15.532845243492561,-1.3945520644597071
2002-09-06,-16.1079256776848,59.56620163367619,-16.346347810226973,-0.34962642348794026
2002-09-07,-17.327279197099266,59.65754058084247,-16.008794289011522,-0.20150720153737053
2002-09-08,-16.85016281060187,59.62147749735612,-15.094298769513632,-0.1710565223346998
2002-09-09,-17.394554712985258,58.96536546640543,-14.85716143300792,0.03796536514876825
2002-09-10,-16.686620079982543,59.27116733007698,-15.35721963071822,-0.421742660877147
2002-09-11,-17.377819046525435,60.765707434024925,-14.514526912135514,0.7188354464393001
2002-09-12,-16.897843855573715,60.753595730657715,-12.710856372405576,1.5936804087847638
2002-09-13,-17.065670583620278,61.02834472417774,-11.456695231221815,1.2262035069628188
2002-09-14,-14.287306261036777,62.17259047869732,-9.33190905612488,3.435938534441471
2002-09-15,-14.654080782891016,62.14001234353373,-10.53834437194335,1.5318895420323821
2002-09-16,-14.375878329945932,62.158215493384034,-10.61447387598985,1.5834101929291693
2002-09-17,-14.44967387664436,63.36965667714571,-11.807528112210399,0.8435661273529043
2002-09-18,-16.03562399685012,63.14212021507638,-13.858474191941646,0.15243539802958783
2002-09-19,-16.94235936673243,63.13162125901382,-14.70941432152212,-0.025366168606190204
2002-09-20,-17.303647798462986,63.42575053215519,-15.482250385934357,2.3806486550809645
2002-09-21,-17.277551376386384,64.01975225681349,-14.852271997482802,1.7623190621642744
2002-09-22,-18.68432916309935,64.76653179710385,-14.277218423429206,1.7305921509775273
2002-09-23,-18.630384325646638,63.215661208912174,-12.784371014158895,2.4768139714426978
2002-09-24,-17.452315883715407,62.267316474529494,-10.718740199597734,1.6958369609936252
2002-09-25,-15.866189532141973,61.22701611348232,-12.068288889595964,2.0672712038904186
2002-09-26,-15.485423189549735,60.990309893023884,-12.751131556280512,0.4255524843722589
